date,correlation_36m,n,as_of
2002-12,-0.0161,36,2026-07
2003-01,-0.0211,36,2026-07
2003-02,-0.0132,36,2026-07
2003-03,0.0008,36,2026-07
2003-04,0.0531,36,2026-07
2003-05,0.1334,36,2026-07
2003-06,0.131,36,2026-07
2003-07,0.1191,36,2026-07
2003-08,0.1023,36,2026-07
2003-09,0.0733,36,2026-07
2003-10,0.1113,36,2026-07
2003-11,0.1287,36,2026-07
2003-12,0.1601,36,2026-07
2004-01,0.1545,36,2026-07
2004-02,0.1882,36,2026-07
2004-03,0.2192,36,2026-07
2004-04,0.2884,36,2026-07
2004-05,0.2708,36,2026-07
2004-06,0.2536,36,2026-07
2004-07,0.2713,36,2026-07
2004-08,0.3043,36,2026-07
2004-09,0.2771,36,2026-07
2004-10,0.2743,36,2026-07
2004-11,0.3834,36,2026-07
2004-12,0.3904,36,2026-07
2005-01,0.3962,36,2026-07
2005-02,0.3898,36,2026-07
2005-03,0.39,36,2026-07
2005-04,0.3916,36,2026-07
2005-05,0.3908,36,2026-07
2005-06,0.3986,36,2026-07
2005-07,0.3688,36,2026-07
2005-08,0.3708,36,2026-07
2005-09,0.3597,36,2026-07
2005-10,0.4988,36,2026-07
2005-11,0.5244,36,2026-07
2005-12,0.6388,36,2026-07
2006-01,0.7025,36,2026-07
2006-02,0.7232,36,2026-07
2006-03,0.7364,36,2026-07
2006-04,0.7557,36,2026-07
2006-05,0.7478,36,2026-07
2006-06,0.7437,36,2026-07
2006-07,0.7503,36,2026-07
2006-08,0.7452,36,2026-07
2006-09,0.7473,36,2026-07
2006-10,0.7403,36,2026-07
2006-11,0.7404,36,2026-07
2006-12,0.7271,36,2026-07
2007-01,0.725,36,2026-07
2007-02,0.7121,36,2026-07
2007-03,0.7193,36,2026-07
2007-04,0.7174,36,2026-07
2007-05,0.7506,36,2026-07
2007-06,0.7523,36,2026-07
2007-07,0.723,36,2026-07
2007-08,0.6491,36,2026-07
2007-09,0.6626,36,2026-07
2007-10,0.6446,36,2026-07
2007-11,0.6422,36,2026-07
2007-12,0.6422,36,2026-07
2008-01,0.6732,36,2026-07
2008-02,0.6169,36,2026-07
2008-03,0.5898,36,2026-07
2008-04,0.5442,36,2026-07
2008-05,0.5552,36,2026-07
2008-06,0.5616,36,2026-07
2008-07,0.5426,36,2026-07
2008-08,0.5247,36,2026-07
2008-09,0.6524,36,2026-07
2008-10,0.7402,36,2026-07
2008-11,0.7484,36,2026-07
2008-12,0.7483,36,2026-07
2009-01,0.6715,36,2026-07
2009-02,0.6479,36,2026-07
2009-03,0.6296,36,2026-07
2009-04,0.654,36,2026-07
2009-05,0.6663,36,2026-07
2009-06,0.6704,36,2026-07
2009-07,0.6908,36,2026-07
2009-08,0.6961,36,2026-07
2009-09,0.7055,36,2026-07
2009-10,0.7043,36,2026-07
2009-11,0.7041,36,2026-07
2009-12,0.704,36,2026-07
2010-01,0.7025,36,2026-07
2010-02,0.7018,36,2026-07
2010-03,0.7088,36,2026-07
2010-04,0.7051,36,2026-07
2010-05,0.7147,36,2026-07
2010-06,0.7209,36,2026-07
2010-07,0.7155,36,2026-07
2010-08,0.732,36,2026-07
2010-09,0.738,36,2026-07
2010-10,0.7475,36,2026-07
2010-11,0.7444,36,2026-07
2010-12,0.7516,36,2026-07
2011-01,0.7453,36,2026-07
2011-02,0.7604,36,2026-07
2011-03,0.7706,36,2026-07
2011-04,0.7771,36,2026-07
2011-05,0.778,36,2026-07
2011-06,0.7839,36,2026-07
2011-07,0.7933,36,2026-07
2011-08,0.8034,36,2026-07
2011-09,0.8147,36,2026-07
2011-10,0.748,36,2026-07
2011-11,0.7274,36,2026-07
2011-12,0.7268,36,2026-07
2012-01,0.7944,36,2026-07
2012-02,0.8204,36,2026-07
2012-03,0.8421,36,2026-07
2012-04,0.8361,36,2026-07
2012-05,0.8667,36,2026-07
2012-06,0.8538,36,2026-07
2012-07,0.8433,36,2026-07
2012-08,0.8446,36,2026-07
2012-09,0.8574,36,2026-07
2012-10,0.8588,36,2026-07
2012-11,0.8544,36,2026-07
2012-12,0.8495,36,2026-07
2013-01,0.8592,36,2026-07
2013-02,0.8594,36,2026-07
2013-03,0.8551,36,2026-07
2013-04,0.8597,36,2026-07
2013-05,0.8397,36,2026-07
2013-06,0.835,36,2026-07
2013-07,0.8475,36,2026-07
2013-08,0.878,36,2026-07
2013-09,0.8667,36,2026-07
2013-10,0.8695,36,2026-07
2013-11,0.8695,36,2026-07
2013-12,0.8603,36,2026-07
2014-01,0.8481,36,2026-07
2014-02,0.8508,36,2026-07
2014-03,0.844,36,2026-07
2014-04,0.8392,36,2026-07
2014-05,0.8374,36,2026-07
2014-06,0.8342,36,2026-07
2014-07,0.8439,36,2026-07
2014-08,0.826,36,2026-07
2014-09,0.784,36,2026-07
2014-10,0.7937,36,2026-07
2014-11,0.792,36,2026-07
2014-12,0.7925,36,2026-07
2015-01,0.7495,36,2026-07
2015-02,0.7495,36,2026-07
2015-03,0.7352,36,2026-07
2015-04,0.727,36,2026-07
2015-05,0.6699,36,2026-07
2015-06,0.7354,36,2026-07
2015-07,0.7374,36,2026-07
2015-08,0.7817,36,2026-07
2015-09,0.7921,36,2026-07
2015-10,0.7319,36,2026-07
2015-11,0.7344,36,2026-07
2015-12,0.7528,36,2026-07
2016-01,0.7686,36,2026-07
2016-02,0.7653,36,2026-07
2016-03,0.7467,36,2026-07
2016-04,0.7454,36,2026-07
2016-05,0.7443,36,2026-07
2016-06,0.7409,36,2026-07
2016-07,0.7371,36,2026-07
2016-08,0.7274,36,2026-07
2016-09,0.7201,36,2026-07
2016-10,0.7115,36,2026-07
2016-11,0.7051,36,2026-07
2016-12,0.7038,36,2026-07
2017-01,0.7236,36,2026-07
2017-02,0.7123,36,2026-07
2017-03,0.7179,36,2026-07
2017-04,0.7247,36,2026-07
2017-05,0.7224,36,2026-07
2017-06,0.7204,36,2026-07
2017-07,0.7165,36,2026-07
2017-08,0.7019,36,2026-07
2017-09,0.7019,36,2026-07
2017-10,0.7198,36,2026-07
2017-11,0.6971,36,2026-07
2017-12,0.6995,36,2026-07
2018-01,0.7665,36,2026-07
2018-02,0.7685,36,2026-07
2018-03,0.8014,36,2026-07
2018-04,0.8019,36,2026-07
2018-05,0.8091,36,2026-07
2018-06,0.8043,36,2026-07
2018-07,0.79,36,2026-07
2018-08,0.7502,36,2026-07
2018-09,0.734,36,2026-07
2018-10,0.835,36,2026-07
2018-11,0.7997,36,2026-07
2018-12,0.8116,36,2026-07
2019-01,0.8182,36,2026-07
2019-02,0.8236,36,2026-07
2019-03,0.836,36,2026-07
2019-04,0.8432,36,2026-07
2019-05,0.8491,36,2026-07
2019-06,0.8516,36,2026-07
2019-07,0.8516,36,2026-07
2019-08,0.8576,36,2026-07
2019-09,0.8458,36,2026-07
2019-10,0.8433,36,2026-07
2019-11,0.8454,36,2026-07
2019-12,0.8455,36,2026-07
2020-01,0.8467,36,2026-07
2020-02,0.8569,36,2026-07
2020-03,0.8471,36,2026-07
2020-04,0.8641,36,2026-07
2020-05,0.8654,36,2026-07
2020-06,0.8599,36,2026-07
2020-07,0.8636,36,2026-07
2020-08,0.868,36,2026-07
2020-09,0.863,36,2026-07
2020-10,0.8598,36,2026-07
2020-11,0.8786,36,2026-07
2020-12,0.863,36,2026-07
2021-01,0.8596,36,2026-07
2021-02,0.8471,36,2026-07
2021-03,0.8421,36,2026-07
2021-04,0.8443,36,2026-07
2021-05,0.8438,36,2026-07
2021-06,0.8425,36,2026-07
2021-07,0.8415,36,2026-07
2021-08,0.8433,36,2026-07
2021-09,0.8355,36,2026-07
2021-10,0.8174,36,2026-07
2021-11,0.8222,36,2026-07
2021-12,0.8209,36,2026-07
2022-01,0.8214,36,2026-07
2022-02,0.818,36,2026-07
2022-03,0.8175,36,2026-07
2022-04,0.7943,36,2026-07
2022-05,0.7905,36,2026-07
2022-06,0.7993,36,2026-07
2022-07,0.7825,36,2026-07
2022-08,0.7694,36,2026-07
2022-09,0.7773,36,2026-07
2022-10,0.7687,36,2026-07
2022-11,0.7632,36,2026-07
2022-12,0.7536,36,2026-07
2023-01,0.758,36,2026-07
2023-02,0.7514,36,2026-07
2023-03,0.6991,36,2026-07
2023-04,0.6628,36,2026-07
2023-05,0.6575,36,2026-07
2023-06,0.6654,36,2026-07
2023-07,0.6583,36,2026-07
2023-08,0.6498,36,2026-07
2023-09,0.6449,36,2026-07
2023-10,0.6478,36,2026-07
2023-11,0.6103,36,2026-07
2023-12,0.6531,36,2026-07
2024-01,0.6513,36,2026-07
2024-02,0.6974,36,2026-07
2024-03,0.693,36,2026-07
2024-04,0.6885,36,2026-07
2024-05,0.6929,36,2026-07
2024-06,0.6873,36,2026-07
2024-07,0.699,36,2026-07
2024-08,0.6951,36,2026-07
2024-09,0.6982,36,2026-07
2024-10,0.6963,36,2026-07
2024-11,0.7307,36,2026-07
2024-12,0.7278,36,2026-07
2025-01,0.711,36,2026-07
2025-02,0.711,36,2026-07
2025-03,0.726,36,2026-07
2025-04,0.7374,36,2026-07
2025-05,0.7638,36,2026-07
2025-06,0.7344,36,2026-07
2025-07,0.7526,36,2026-07
2025-08,0.7644,36,2026-07
2025-09,0.7226,36,2026-07
2025-10,0.7419,36,2026-07
2025-11,0.7591,36,2026-07
2025-12,0.7624,36,2026-07
2026-01,0.7284,36,2026-07
2026-02,0.7081,36,2026-07
2026-03,0.8003,36,2026-07
2026-04,0.8353,36,2026-07
2026-05,0.8377,36,2026-07
2026-06,0.8394,36,2026-07
2026-07,0.8254,36,2026-07
