id,as_of,coverage_start,months,ann_return,ann_volatility,sharpe_ratio,return_over_vol,max_drawdown,pct_positive_months,best_month,worst_month,cumulative_since_inception,ann_return_2y,ann_return_3y,ann_return_5y,ann_return_10y,cum_return_1y,cum_return_ytd,cum_return_mtd,beta_sp500_si,alpha_sp500_ann_si,r_squared_sp500_si,correlation_sp500_si,window_months_si,jensens_alpha_sp500_ann_si,beta_sp500_excess_si,r_squared_sp500_excess_si,downside_capture_sp500_si,upside_capture_sp500_si,down_months_count_si,return_worst10_sp500_si,sp500_worst10_mean_si,beta_sp500_36m,alpha_sp500_ann_36m,r_squared_sp500_36m,correlation_sp500_36m,window_months_36m,jensens_alpha_sp500_ann_36m,beta_sp500_excess_36m,r_squared_sp500_excess_36m,downside_capture_sp500_36m,upside_capture_sp500_36m,down_months_count_36m,return_worst10_sp500_36m,sp500_worst10_mean_36m,beta_sp500_120m,alpha_sp500_ann_120m,r_squared_sp500_120m,correlation_sp500_120m,window_months_120m,jensens_alpha_sp500_ann_120m,beta_sp500_excess_120m,r_squared_sp500_excess_120m,downside_capture_sp500_120m,upside_capture_sp500_120m,down_months_count_120m,return_worst10_sp500_120m,sp500_worst10_mean_120m,correlation_ihfc_120m,window_months_ihfc_120m,q_2026Q2,q_2026Q1,q_2025Q4,q_2025Q3
iCRD,2026-08,2000-01,320,0.088716,0.048551,1.3776,1.8273,-0.175067,0.825,0.0554,-0.1173,8.646937,0.076177,0.084026,0.065326,0.064405,0.058127,0.037139,0.0036,0.1677,0.073393,0.2747,0.5241,320,0.056099,0.169,0.2789,0.0007,0.3409,113,-0.02434,-0.10408,0.1022,0.062315,0.577,0.7596,36,0.020953,0.1012,0.5901,-0.0825,0.2475,12,0.00241,-0.02786,0.1761,0.037007,0.3119,0.5585,120,0.016377,0.1762,0.3092,0.0504,0.2383,36,-0.0171,-0.08037,0.8299,120.0,0.027524,0.005637,0.011637,0.024904
iCRDCBA,2026-08,2000-01,320,0.092208,0.051902,1.3625,1.7766,-0.183049,0.775,0.0636,-0.0835,9.507064,0.116378,0.110527,0.081746,0.087673,0.10511,0.061894,-0.0016,0.1488,0.078864,0.1892,0.435,320,0.061152,0.1494,0.1933,-0.0387,0.3291,113,-0.01776,-0.10408,0.0971,0.089606,0.2486,0.4986,36,0.046928,0.0967,0.243,-0.1563,0.3065,12,0.00437,-0.02786,0.1388,0.065529,0.2464,0.4964,120,0.043398,0.1392,0.2429,-0.0541,0.2605,36,-0.00817,-0.08037,0.7782,120.0,0.04873,0.014581,0.020791,0.048761
iCRDDSS,2026-08,2000-01,320,0.08633,0.064331,1.0166,1.342,-0.245071,0.7375,0.0611,-0.1192,8.098716,0.086042,0.09531,0.067329,0.065039,0.072415,0.031748,0.0033,0.2383,0.06507,0.3158,0.562,320,0.049309,0.2399,0.3185,0.1184,0.4108,113,-0.02937,-0.10408,0.1727,0.058759,0.5007,0.7076,36,0.020709,0.1717,0.5018,0.0469,0.3256,12,-3e-05,-0.02786,0.2344,0.028822,0.3797,0.6162,120,0.009746,0.2347,0.3772,0.1456,0.2876,36,-0.02265,-0.08037,0.858,120.0,0.026432,0.002675,0.025065,0.045264
iCRDLSC,2026-08,2004-01,272,0.068406,0.054031,0.9248,1.2661,-0.244191,0.7647,0.057,-0.1095,3.480853,0.063704,0.076527,0.053616,0.054998,0.047852,0.031395,0.0021,0.2146,0.043932,0.3355,0.5792,272,0.029508,0.2147,0.3342,0.0926,0.3138,88,-0.02566,-0.10077,0.1281,0.049594,0.5714,0.7559,36,0.009872,0.127,0.583,-0.0276,0.2419,12,0.00157,-0.02786,0.1733,0.027911,0.4099,0.6402,120,0.00748,0.1727,0.4098,0.0747,0.2188,36,-0.01619,-0.08037,0.8495,120.0,0.031179,0.002826,0.005201,0.02877
iCRDMBS,2026-08,2000-01,320,0.113778,0.070286,1.2923,1.6188,-0.198891,0.8313,0.0908,-0.1857,16.699769,0.06838,0.083353,0.061919,0.062122,0.04322,0.028948,0.0051,0.0999,0.106474,0.0466,0.2158,320,0.087169,0.1024,0.0485,-0.1352,0.3501,113,-0.01815,-0.10408,0.0844,0.065432,0.4163,0.6452,36,0.023207,0.083,0.4402,-0.1182,0.2339,12,0.00308,-0.02786,0.1899,0.033887,0.1869,0.4323,120,0.013692,0.1897,0.1861,0.0494,0.2349,36,-0.02153,-0.08037,0.7035,120.0,0.024067,-0.003521,0.010536,0.019315
iCRDMST,2026-08,2000-01,320,0.086791,0.049915,1.3057,1.7388,-0.172381,0.7937,0.0624,-0.1184,8.202221,0.075788,0.082107,0.061357,0.0628,0.060339,0.050376,0.0033,0.1696,0.071381,0.2656,0.5154,320,0.054155,0.1708,0.2696,0.0056,0.3373,113,-0.02311,-0.10408,0.1058,0.059713,0.4604,0.6785,36,0.018593,0.1049,0.463,-0.1,0.236,12,0.0027,-0.02786,0.1881,0.033636,0.3215,0.567,120,0.013322,0.1886,0.3182,0.0619,0.2392,36,-0.01947,-0.08037,0.8253,120.0,0.029064,0.01512,0.000779,0.018505
iCRDREL,2026-08,2001-01,308,0.076534,0.039027,1.4464,1.9611,-0.137151,0.8636,0.0484,-0.1045,5.638181,0.077379,0.081509,0.08574,0.07289,0.061366,0.033191,0.0051,0.0564,0.071402,0.0476,0.2182,308,0.05338,0.0574,0.0487,-0.1175,0.2192,105,-0.01294,-0.10408,0.0653,0.067642,0.2879,0.5366,36,0.02439,0.0644,0.2881,-0.122,0.2268,12,0.00291,-0.02786,0.0453,0.065679,0.0866,0.2943,120,0.041298,0.0448,0.085,-0.1053,0.1877,36,0.00158,-0.08037,0.5055,120.0,0.023228,0.003209,0.02277,0.022661
iEMN,2026-08,2001-01,308,0.084925,0.041526,1.5721,2.0451,-0.055266,0.7825,0.0675,-0.0329,7.102086,0.086692,0.085005,0.065116,0.05076,0.078831,0.032263,0.0033,0.0979,0.075429,0.1267,0.3559,308,0.058229,0.0977,0.1287,-0.0321,0.3024,105,-0.00033,-0.10408,0.1459,0.054302,0.4277,0.654,36,0.015113,0.1455,0.4227,-0.0042,0.2767,12,0.00143,-0.02786,0.1006,0.034907,0.2927,0.541,120,0.012545,0.1,0.2919,0.0267,0.1808,36,-0.00453,-0.08037,0.8034,120.0,0.040618,0.00755,0.028856,0.036832
iEQD,2026-08,2000-01,320,0.09739,0.070352,1.0867,1.3843,-0.18503,0.6781,0.0632,-0.0839,10.920475,0.13571,0.136417,0.078571,0.081984,0.12904,0.082375,0.0127,0.3735,0.063075,0.6487,0.8054,320,0.050229,0.3733,0.6537,0.2688,0.5482,113,-0.0337,-0.10408,0.4724,0.036722,0.7823,0.8845,36,0.012653,0.4726,0.7805,0.3587,0.5578,12,-0.00943,-0.02786,0.4181,0.016739,0.7748,0.8802,120,0.002472,0.4176,0.775,0.3785,0.455,36,-0.03125,-0.08037,0.9456,120.0,0.101132,-0.012876,0.02487,0.048831
iEQDALS,2026-08,2003-01,284,0.105978,0.087373,1.0032,1.2129,-0.294709,0.669,0.105,-0.0802,9.84757,0.191652,0.148641,0.072209,0.084699,0.148665,0.10473,0.0194,0.3619,0.062705,0.3592,0.5993,284,0.051069,0.3612,0.3589,0.267,0.5451,91,-0.03134,-0.10077,0.4127,0.062652,0.3185,0.5644,36,0.035079,0.4142,0.3184,0.2531,0.5672,12,-0.00174,-0.02786,0.2895,0.040598,0.2912,0.5396,120,0.022747,0.2894,0.2904,0.2351,0.3974,36,-0.0161,-0.08037,0.6836,120.0,0.135642,0.008633,0.012434,0.0954
iEQDELS,2026-08,2000-01,320,0.074434,0.083444,0.6709,0.892,-0.198099,0.6531,0.1739,-0.1131,5.783664,0.094515,0.10518,0.061842,0.068373,0.105399,0.076977,0.0145,0.3294,0.045999,0.3588,0.599,320,0.032427,0.3297,0.3613,0.2552,0.4595,113,-0.03393,-0.10408,0.4019,0.022252,0.5918,0.7693,36,-0.004608,0.4018,0.5902,0.2441,0.4255,12,-0.00852,-0.02786,0.4203,0.004139,0.6464,0.804,120,-0.009977,0.4202,0.6454,0.3838,0.4168,36,-0.03533,-0.08037,0.8747,120.0,0.087467,-0.024776,0.01432,0.013115
iEQDGLS,2026-08,2000-01,320,0.098775,0.071076,1.0971,1.3897,-0.190231,0.6687,0.082,-0.0754,11.328115,0.150918,0.153317,0.089306,0.078393,0.152496,0.087089,0.0215,0.323,0.069411,0.4753,0.6894,320,0.055491,0.3224,0.4802,0.2043,0.5123,113,-0.02909,-0.10408,0.4392,0.059027,0.7524,0.8674,36,0.032973,0.4392,0.7504,0.2804,0.5823,12,-0.00887,-0.02786,0.3733,0.020109,0.7031,0.8385,120,0.00481,0.3719,0.706,0.3344,0.4217,36,-0.02658,-0.08037,0.9194,120.0,0.083968,-0.010411,0.031492,0.055879
iEQDULS,2026-08,2000-01,320,0.096519,0.076098,0.9982,1.2683,-0.185262,0.6844,0.0731,-0.0919,10.6706,0.112721,0.123599,0.073739,0.085886,0.096037,0.066599,-0.0045,0.4262,0.057542,0.722,0.8497,320,0.045823,0.4261,0.726,0.3287,0.5848,113,-0.03854,-0.10408,0.5499,0.010019,0.7704,0.8777,36,-0.01,0.5497,0.7697,0.515,0.5724,12,-0.01236,-0.02786,0.4898,0.010017,0.7948,0.8915,120,-0.002475,0.4897,0.7941,0.4551,0.5067,36,-0.0378,-0.08037,0.9085,120.0,0.119802,-0.020782,0.024016,0.035429
iEQS,2026-08,2000-01,320,0.130398,0.084282,1.2832,1.5472,-0.205675,0.7375,0.0867,-0.0721,25.272802,0.210943,0.200414,0.090243,0.107782,0.293366,0.137223,0.0201,0.4009,0.093541,0.5209,0.7217,320,0.081104,0.3986,0.5256,0.2402,0.6519,113,-0.03638,-0.10408,0.621,0.066074,0.6709,0.8191,36,0.048078,0.6223,0.67,0.5381,0.8111,12,-0.01211,-0.02786,0.4508,0.037402,0.5727,0.7568,120,0.023843,0.449,0.5732,0.4118,0.5557,36,-0.0314,-0.08037,0.8305,120.0,0.165139,-0.001869,0.089996,0.118685
iEQSCON,2026-08,2001-01,308,0.075727,0.099443,0.6051,0.7615,-0.192466,0.6201,0.183,-0.1105,5.511594,0.030096,0.041793,-0.007153,0.019352,-0.074321,-0.036259,-0.0023,0.3035,0.049108,0.2121,0.4605,308,0.036121,0.3031,0.2124,0.2826,0.4779,105,-0.0125,-0.10408,0.3606,-0.028037,0.3625,0.6021,36,-0.055206,0.359,0.3615,0.3848,0.2724,12,-0.007805,-0.02786,0.2515,-0.017379,0.3034,0.5508,120,-0.03511,0.2507,0.3027,0.3406,0.2352,36,-0.02132,-0.08037,0.4795,120.0,0.100129,-0.078652,-0.036991,0.021722
iEQSEUI,2026-08,2000-01,320,0.123726,0.089499,1.1414,1.3824,-0.251325,0.6969,0.1112,-0.1035,21.435863,0.133387,0.121304,0.095092,0.078168,0.164976,0.08224,0.0245,0.3537,0.092267,0.3595,0.5996,320,0.078758,0.3526,0.3618,0.1669,0.5834,113,-0.03271,-0.10408,0.3115,0.056403,0.3226,0.568,36,0.024476,0.3122,0.3214,0.3042,0.495,12,-0.00594,-0.02786,0.3514,0.02382,0.5239,0.7238,120,0.007685,0.3519,0.522,0.2748,0.394,36,-0.02695,-0.08037,0.8553,120.0,0.03116,0.053948,0.047333,0.054095
iEQSFIN,2026-08,2000-01,320,0.120123,0.096268,1.0323,1.2478,-0.225735,0.7094,0.0995,-0.1723,19.594705,0.127052,0.147811,0.085723,0.093356,0.115568,0.06797,0.0025,0.3954,0.085342,0.3884,0.6232,320,0.072746,0.3948,0.3903,0.2167,0.6051,113,-0.04038,-0.10408,0.3597,0.071822,0.3384,0.5817,36,0.041973,0.3587,0.3373,0.2451,0.5578,12,-0.00847,-0.02786,0.4778,0.021718,0.4357,0.6601,120,0.008629,0.479,0.4354,0.3885,0.5074,36,-0.0487,-0.08037,0.7782,120.0,0.044986,-0.003961,0.048659,0.046187
iEQSHLT,2026-08,2000-01,320,0.153537,0.116255,1.132,1.3207,-0.259545,0.675,0.1496,-0.0936,44.099302,0.219358,0.220193,0.104417,0.127881,0.434219,0.112869,0.0177,0.4145,0.118065,0.2927,0.541,320,0.105725,0.4114,0.2927,0.2103,0.7258,113,-0.04666,-0.10408,0.4879,0.117726,0.2103,0.4586,36,0.092458,0.4894,0.2107,0.4528,0.8545,12,-0.01376,-0.02786,0.4143,0.065899,0.2648,0.5146,120,0.051108,0.4123,0.2635,0.3928,0.6189,36,-0.02407,-0.08037,0.5912,120.0,0.094878,0.011704,0.200632,0.211995
iEQSREI,2026-08,2010-01,200,0.099261,0.081535,1.0112,1.2174,-0.114521,0.71,0.1047,-0.0825,3.841907,0.065827,0.074283,0.04459,0.067842,0.088319,0.075611,-0.0043,0.4173,0.038286,0.5424,0.7365,200,0.028846,0.4204,0.539,0.3232,0.5074,63,-0.0334,-0.084,0.3085,0.01159,0.5006,0.7075,36,-0.019092,0.3083,0.4985,0.1962,0.3113,12,-0.00539,-0.02786,0.4403,0.000643,0.6734,0.8206,120,-0.013184,0.4421,0.6695,0.3967,0.4216,36,-0.03654,-0.08037,0.7949,120.0,0.070433,0.003656,0.013233,0.023892
iEQSTMT,2026-08,2002-01,296,0.104583,0.093237,0.9356,1.1217,-0.275092,0.6757,0.1309,-0.0867,10.629376,0.253489,0.227042,0.08985,0.115189,0.260445,0.192177,0.0266,0.4243,0.060233,0.4571,0.6761,296,0.049905,0.4224,0.4572,0.35,0.6083,99,-0.02898,-0.10339,0.907,0.034895,0.6608,0.8129,36,0.0303,0.9091,0.6613,0.7486,0.9721,12,-0.01354,-0.02786,0.4976,0.039031,0.4548,0.6744,120,0.026727,0.4952,0.4539,0.4286,0.5935,36,-0.03218,-0.08037,0.7177,120.0,0.300982,-0.026689,0.022004,0.080836
iEVD,2026-08,2000-01,320,0.092626,0.068605,1.0474,1.3501,-0.212393,0.7094,0.072,-0.0996,9.614595,0.120501,0.11372,0.06582,0.077965,0.111023,0.069344,0.0024,0.2994,0.065547,0.4385,0.6622,320,0.051121,0.2998,0.4422,0.1704,0.4678,113,-0.02867,-0.10408,0.3795,0.034132,0.7541,0.8684,36,0.005944,0.3798,0.7506,0.2857,0.4629,12,-0.00713,-0.02786,0.3402,0.024983,0.5819,0.7628,120,0.008546,0.3407,0.5789,0.2458,0.3781,36,-0.02588,-0.08037,0.9489,120.0,0.083935,-0.001849,0.02342,0.047533
iEVDESS,2026-08,2000-01,320,0.115533,0.085488,1.1015,1.3515,-0.165418,0.6844,0.1667,-0.0862,17.458458,0.116632,0.114553,0.058186,0.084873,0.122668,0.088006,-0.0004,0.3753,0.081704,0.4438,0.6662,320,0.068719,0.3749,0.4466,0.2109,0.5808,113,-0.02905,-0.10408,0.4038,0.030216,0.7058,0.8401,36,0.003206,0.4041,0.7031,0.3017,0.4717,12,-0.00868,-0.02786,0.4342,0.017641,0.6553,0.8095,120,0.003626,0.4346,0.6536,0.3621,0.4585,36,-0.03412,-0.08037,0.8901,120.0,0.090864,-0.00896,0.028464,0.024881
iEVDMER,2026-08,2000-01,320,0.095797,0.068919,1.0953,1.39,-0.136255,0.7156,0.128,-0.105,10.467648,0.087716,0.087689,0.060824,0.058208,0.084085,0.053226,0.011,0.1324,0.085105,0.085,0.2915,320,0.067084,0.1314,0.0858,-0.0666,0.3282,113,-0.0147,-0.10408,0.1604,0.053988,0.402,0.634,36,0.01545,0.16,0.3975,-0.0133,0.2825,12,-0.00073,-0.02786,0.215,0.025358,0.3009,0.5485,120,0.005902,0.2151,0.2993,0.0802,0.2349,36,-0.01592,-0.08037,0.7166,120.0,0.034165,0.00524,0.023669,0.031911
iEVDMEV,2026-08,2000-01,320,0.091801,0.070407,1.0113,1.3039,-0.222794,0.7156,0.0731,-0.1,9.40311,0.126976,0.118801,0.06767,0.0803,0.114425,0.069921,0.0005,0.3064,0.064189,0.436,0.6603,320,0.049923,0.3068,0.4396,0.1842,0.4741,113,-0.02929,-0.10408,0.4253,0.029874,0.7381,0.8591,36,0.003817,0.4256,0.7353,0.3528,0.5015,12,-0.00822,-0.02786,0.3543,0.025189,0.5737,0.7574,120,0.009094,0.3549,0.5711,0.2669,0.3962,36,-0.02676,-0.08037,0.9512,120.0,0.09703,-0.002761,0.022777,0.053215
iGBM,2026-08,2000-01,320,0.078658,0.05885,0.9813,1.3366,-0.094258,0.6531,0.0688,-0.0502,6.531793,0.097147,0.076311,0.070228,0.050123,0.106791,0.059574,0.017,0.0145,0.079056,0.0014,0.0375,320,0.058418,0.0172,0.002,-0.1164,0.2316,113,0.00496,-0.10408,0.0332,0.069999,0.0121,0.1102,36,0.025006,0.0334,0.0121,-0.1185,0.2136,12,0.00402,-0.02786,0.0588,0.04144,0.0496,0.2227,120,0.017787,0.0591,0.049,-0.0405,0.148,36,-0.00014,-0.08037,0.6064,120.0,0.020914,0.022667,0.024482,0.033077
iGBMCOM,2026-08,2006-01,248,0.122917,0.086035,1.1881,1.4287,-0.151422,0.6694,0.1193,-0.1264,9.977934,0.031157,0.021029,0.069986,0.091385,0.056499,0.010523,0.0243,0.011,0.125542,0.0004,0.0193,248,0.1065,0.0129,0.0005,-0.1665,0.3548,80,0.0398,-0.10077,0.0337,0.015347,0.0079,0.0888,36,-0.027464,0.0337,0.0078,0.0084,0.0771,12,0.0011,-0.02786,-0.0018,0.094604,0.0,-0.0036,120,0.067645,0.0031,0.0,-0.1533,0.2307,36,0.01777,-0.08037,-0.0463,120.0,-0.005871,-0.013248,0.029843,0.015066
iGBMDSC,2026-08,2001-01,308,0.096484,0.055319,1.375,1.7442,-0.116195,0.7045,0.0662,-0.045,9.634763,0.125148,0.098557,0.075507,0.057286,0.100221,0.040098,0.0136,0.0768,0.08987,0.0439,0.2096,308,0.072,0.0772,0.0445,-0.1057,0.3014,105,-0.00631,-0.10408,0.1069,0.076763,0.0735,0.2711,36,0.034878,0.1073,0.073,-0.0252,0.3151,12,0.0004,-0.02786,0.0779,0.045841,0.0591,0.2431,120,0.022546,0.0784,0.0587,-0.0382,0.1733,36,0.00384,-0.08037,0.5465,120.0,0.024004,0.013644,0.034933,0.03592
iGBMMMA,2026-08,2000-01,320,0.098539,0.050463,1.5122,1.9527,-0.055,0.7188,0.0559,-0.055,11.257916,0.060738,0.061101,0.066612,0.058276,0.047648,0.017132,0.0168,-0.0332,0.103261,0.01,-0.0999,320,0.081293,-0.0318,0.0092,-0.2431,0.2215,113,0.01122,-0.10408,0.1117,0.038709,0.1055,0.3248,36,-0.001433,0.1109,0.1042,0.0357,0.2157,12,-0.00144,-0.02786,0.0592,0.049666,0.0406,0.2015,120,0.025775,0.0601,0.0405,-0.0715,0.16,36,0.00299,-0.08037,0.5704,120.0,0.035133,-0.028378,0.024674,0.013673
iGBMQNT,2026-08,2000-01,320,0.064846,0.069412,0.6572,0.9342,-0.107997,0.6031,0.0753,-0.0643,4.341365,0.084111,0.055558,0.058932,0.036102,0.117341,0.076013,0.0212,-0.0345,0.070756,0.0057,-0.0753,320,0.049245,-0.0315,0.0047,-0.1405,0.1679,113,0.01356,-0.10408,-0.0378,0.064719,0.0104,-0.1022,36,0.016671,-0.0372,0.0099,-0.1787,0.1293,12,0.00733,-0.02786,-0.0163,0.039923,0.0027,-0.0515,120,0.014455,-0.016,0.0025,-0.1082,0.0716,36,0.0044,-0.08037,0.3325,120.0,0.018145,0.036555,0.014765,0.036415
iGBMRPM,2026-08,2008-01,224,0.081459,0.1018,0.6813,0.8002,-0.245111,0.6384,0.0976,-0.1387,3.313775,0.10803,0.107926,0.088806,0.049505,0.154111,0.115011,0.0162,0.3422,0.043314,0.278,0.5273,224,0.033533,0.3434,0.2778,0.2481,0.4414,74,-0.04348,-0.10077,-0.004,0.109995,0.0001,-0.0111,36,0.061779,-0.0042,0.0001,-0.3112,0.2512,12,0.00907,-0.02786,0.1657,0.024828,0.1681,0.41,120,0.004393,0.1642,0.1673,0.1073,0.2203,36,-0.0193,-0.08037,0.5518,120.0,0.016221,0.0571,0.017365,0.040807
iHFC,2026-08,2000-01,320,0.092773,0.047935,1.4785,1.9354,-0.1282,0.7594,0.048,-0.0759,9.652861,0.113075,0.109613,0.072406,0.072198,0.123956,0.071103,0.0102,0.1968,0.074473,0.388,0.6229,320,0.0578,0.1975,0.3943,0.0589,0.3926,113,-0.01866,-0.10408,0.2592,0.05461,0.676,0.8222,36,0.020463,0.2592,0.6698,0.129,0.3973,12,-0.00267,-0.02786,0.2471,0.033146,0.5966,0.7724,120,0.014368,0.2471,0.5934,0.1662,0.3182,36,-0.0177,-0.08037,,,0.063687,0.007687,0.029779,0.045551
iHFCEW,2026-08,2000-01,320,0.098536,0.05208,1.4695,1.892,-0.140078,0.7531,0.0542,-0.0743,11.256845,0.121139,0.11681,0.07336,0.075337,0.13285,0.077234,0.0113,0.2365,0.076448,0.4746,0.6889,320,0.060593,0.2368,0.4818,0.099,0.4397,113,-0.02181,-0.10408,0.3097,0.051113,0.7176,0.8471,36,0.019338,0.3098,0.7124,0.1934,0.441,12,-0.00414,-0.02786,0.2825,0.030738,0.6572,0.8107,120,0.012879,0.2823,0.6547,0.2116,0.3504,36,-0.0203,-0.08037,0.993,120.0,0.076032,0.004699,0.031312,0.051438
iMFT,2026-08,2000-01,320,0.073112,0.093317,0.5948,0.7835,-0.153617,0.5844,0.094,-0.0685,5.56447,0.046222,0.031819,0.047163,0.034367,0.176909,0.096351,0.0301,-0.1005,0.087665,0.0267,-0.1633,320,0.064525,-0.0981,0.0255,-0.1825,0.1792,113,0.02836,-0.10408,0.0371,0.026917,0.0042,0.0647,36,-0.016346,0.0381,0.0044,0.1976,0.1787,12,-0.00061,-0.02786,0.0138,0.035201,0.0008,0.0274,120,0.010418,0.0152,0.0009,0.0277,0.1368,36,0.0042,-0.08037,0.2944,120.0,0.010193,0.060363,0.039084,0.051956
iMFTNTF,2026-08,2000-01,320,0.066611,0.0719,0.6655,0.9264,-0.132982,0.5719,0.079643,-0.053118,4.582558,0.054497,0.029081,0.021768,0.01036,0.141575,0.138563,0.0363,-0.1232,0.081464,0.0676,-0.26,320,0.058052,-0.1219,0.0668,-0.2706,0.0922,113,0.018943,-0.10408,-0.1809,0.06889,0.1443,-0.3799,36,0.014138,-0.18,0.1402,-0.3397,-0.0063,12,0.010265,-0.02786,-0.0203,0.015328,0.0027,-0.0523,120,-0.009727,-0.0197,0.0025,-0.0338,0.0244,36,0.003534,-0.08037,0.1896,120.0,-0.006982,0.112077,-0.005312,0.018562
iMFTTFO,2026-08,2000-01,320,0.074857,0.117592,0.5071,0.6366,-0.186109,0.5781,0.11081,-0.089292,5.855099,0.049966,0.037006,0.057954,0.043901,0.208596,0.097496,0.031,-0.0977,0.091904,0.0159,-0.1261,320,0.068694,-0.0948,0.015,-0.1494,0.2168,113,0.033355,-0.10408,0.1041,0.020027,0.0204,0.1428,36,-0.020079,0.1053,0.0207,0.3674,0.256,12,-0.003518,-0.02786,0.045,0.041611,0.0049,0.0702,120,0.017415,0.0468,0.0053,0.0742,0.1961,36,0.003091,-0.08037,0.3271,120.0,0.014754,0.056413,0.054112,0.068176
iMST,2026-08,2000-01,320,0.09094,0.041936,1.6544,2.1686,-0.150493,0.8094,0.0442,-0.0636,9.186538,0.103703,0.10256,0.075123,0.074786,0.108516,0.058888,0.0009,0.1327,0.078706,0.2304,0.48,320,0.060671,0.1332,0.2373,-0.0421,0.3205,113,-0.01527,-0.10408,0.1362,0.0734,0.4508,0.6714,36,0.033096,0.1359,0.4429,-0.0825,0.3058,12,0.00256,-0.02786,0.1255,0.054854,0.2607,0.5106,120,0.032613,0.1257,0.2563,-0.0155,0.238,36,-0.00696,-0.08037,0.9042,120.0,0.047361,0.01599,0.030991,0.034882
iQNT,2026-08,2003-01,284,0.061979,0.045402,0.9594,1.3651,-0.191808,0.6831,0.0377,-0.0575,3.150248,0.070021,0.105972,0.093945,0.058873,0.0687,0.038653,0.001,0.1321,0.04621,0.1772,0.421,284,0.030476,0.1327,0.1763,-0.0054,0.2323,91,-0.01765,-0.10077,0.0686,0.091974,0.0414,0.2034,36,0.04813,0.0667,0.0399,-0.2224,0.2733,12,0.00361,-0.02786,0.1164,0.040893,0.1715,0.4141,120,0.018862,0.1153,0.171,0.0126,0.2017,36,-0.00581,-0.08037,0.3463,120.0,0.015944,0.005346,0.031508,-0.008469
iRVI,2026-08,2000-01,320,0.086899,0.033913,1.9439,2.5624,-0.114236,0.8313,0.0395,-0.0524,8.226589,0.093165,0.08916,0.069492,0.060195,0.090932,0.047255,0.0006,0.0957,0.078024,0.1834,0.4282,320,0.059245,0.0961,0.1927,-0.0725,0.2852,113,-0.00858,-0.10408,0.104,0.067059,0.3935,0.6273,36,0.025505,0.1036,0.3831,-0.0951,0.2598,12,0.00295,-0.02786,0.0819,0.047143,0.2565,0.5065,120,0.024007,0.0818,0.2496,-0.0318,0.1826,36,-0.003,-0.08037,0.8662,120.0,0.038936,0.015425,0.026008,0.03427
iVOL,2026-08,2000-01,320,0.084499,0.049988,1.2791,1.6904,-0.046355,0.6937,0.069,-0.0358,7.698544,0.049799,0.036989,0.044373,0.037045,0.050273,0.036686,-0.0049,-0.0645,0.092252,0.0384,-0.1959,320,0.069912,-0.0641,0.0389,-0.2697,0.1534,113,0.0107,-0.10408,-0.1168,0.061773,0.3816,-0.6177,36,0.010428,-0.1171,0.3702,-0.3392,0.0146,12,0.0077,-0.02786,-0.076,0.04982,0.1489,-0.3859,120,0.022539,-0.0751,0.1341,-0.19,0.0332,36,0.01,-0.08037,-0.3106,120.0,-0.000907,0.038996,0.003174,0.010382
